Model,Accuracy,True Positive Rate (Recall),True Negative Rate (Specificity)
RandomForest,0.8590909090909091,0.12121212121212122,0.9893048128342246
CatBoost,0.8863636363636364,0.30303030303030304,0.9893048128342246
LightGBM,0.8545454545454545,0.24242424242424243,0.9625668449197861
XGBoost,0.8454545454545455,0.21212121212121213,0.9572192513368984
SVM,0.8636363636363636,0.2727272727272727,0.9679144385026738
MLP,0.8409090909090909,0.30303030303030304,0.9358288770053476
LogisticRegression,0.8136363636363636,0.6363636363636364,0.8449197860962567
DecisionTree,0.7909090909090909,0.24242424242424243,0.8877005347593583
AdaBoost,0.8409090909090909,0.5454545454545454,0.893048128342246
